,plan_id,layer_id,head_id,alpha_value,beta_value
0,0,0,0,0.0,0.625
1,0,0,1,0.0,0.625
2,0,0,2,0.0,0.875
3,0,0,3,0.0,0.875
4,0,0,4,0.0,0.625
5,0,0,5,0.0,0.625
6,0,0,6,0.0,0.625
7,0,0,7,0.0,0.875
8,0,0,8,0.0,0.625
9,0,0,9,0.0,0.625
10,0,0,10,0.0,0.625
11,0,0,11,0.0,0.875
12,0,0,12,0.0,0.625
13,0,0,13,0.0,0.875
14,0,0,14,0.0,0.625
15,0,0,15,0.0,0.875
16,0,0,16,0.0,0.625
17,0,0,17,0.0,0.625
18,0,0,18,0.0,0.625
19,0,0,19,0.0,0.875
20,0,0,20,0.0,0.625
21,0,0,21,0.0,0.875
22,0,0,22,0.0,0.625
23,0,0,23,0.0,0.625
24,0,0,24,0.0,0.875
25,0,0,25,0.0,0.875
26,0,0,26,0.0,0.625
27,0,0,27,0.0,0.875
28,0,0,28,0.0,0.625
29,0,0,29,0.0,0.625
30,0,0,30,0.0,0.875
31,0,0,31,0.0,0.625
32,0,1,0,0.0,0.625
33,0,1,1,0.0,0.75
34,0,1,2,0.0,0.625
35,0,1,3,0.0,0.75
36,0,1,4,0.0,0.75
37,0,1,5,0.0,0.75
38,0,1,6,0.0,0.625
39,0,1,7,0.0,0.625
40,0,1,8,0.0,0.75
41,0,1,9,0.0,0.625
42,0,1,10,0.0,0.625
43,0,1,11,0.0,0.75
44,0,1,12,0.0,0.625
45,0,1,13,0.0,0.75
46,0,1,14,0.0,0.75
47,0,1,15,0.0,0.625
48,0,1,16,0.0,0.625
49,0,1,17,0.0,0.75
50,0,1,18,0.0,0.75
51,0,1,19,0.0,0.625
52,0,1,20,0.0,0.75
53,0,1,21,0.0,0.75
54,0,1,22,0.0,0.625
55,0,1,23,0.0,0.625
56,0,1,24,0.0,0.625
57,0,1,25,0.0,0.625
58,0,1,26,0.0,0.625
59,0,1,27,0.0,0.625
60,0,1,28,0.0,0.625
61,0,1,29,0.0,0.75
62,0,1,30,0.0,0.625
63,0,1,31,0.0,0.75
64,0,2,0,0.0,0.125
65,0,2,1,0.0,0.625
66,0,2,2,0.0,0.125
67,0,2,3,0.0,0.625
68,0,2,4,0.0,0.125
69,0,2,5,0.0,0.125
70,0,2,6,0.0,0.625
71,0,2,7,0.0,0.125
72,0,2,8,0.0,0.125
73,0,2,9,0.0,0.625
74,0,2,10,0.0,0.125
75,0,2,11,0.0,0.125
76,0,2,12,0.0,0.125
77,0,2,13,0.0,0.125
78,0,2,14,0.0,0.125
79,0,2,15,0.0,0.125
80,0,2,16,0.0,0.125
81,0,2,17,0.0,0.125
82,0,2,18,0.0,0.125
83,0,2,19,0.0,0.125
84,0,2,20,0.0,0.125
85,0,2,21,0.0,0.625
86,0,2,22,0.0,0.625
87,0,2,23,0.0,0.625
88,0,2,24,0.0,0.125
89,0,2,25,0.0,0.625
90,0,2,26,0.0,0.625
91,0,2,27,0.0,0.125
92,0,2,28,0.0,0.125
93,0,2,29,0.0,0.125
94,0,2,30,0.0,0.125
95,0,2,31,0.0,0.125
96,0,3,0,0.0,0.625
97,0,3,1,0.0,0.25
98,0,3,2,0.0,0.25
99,0,3,3,0.0,0.25
100,0,3,4,0.0,0.25
101,0,3,5,0.0,0.25
102,0,3,6,0.0,0.625
103,0,3,7,0.0,0.625
104,0,3,8,0.0,0.625
105,0,3,9,0.0,0.625
106,0,3,10,0.0,0.25
107,0,3,11,0.0,0.25
108,0,3,12,0.0,0.25
109,0,3,13,0.0,0.25
110,0,3,14,0.0,0.25
111,0,3,15,0.0,0.25
112,0,3,16,0.0,0.25
113,0,3,17,0.0,0.625
114,0,3,18,0.0,0.25
115,0,3,19,0.0,0.625
116,0,3,20,0.0,0.25
117,0,3,21,0.0,0.625
118,0,3,22,0.0,0.25
119,0,3,23,0.0,0.25
120,0,3,24,0.0,0.25
121,0,3,25,0.0,0.625
122,0,3,26,0.0,0.625
123,0,3,27,0.0,0.625
124,0,3,28,0.0,0.625
125,0,3,29,0.0,0.25
126,0,3,30,0.0,0.25
127,0,3,31,0.0,0.625
128,0,4,0,0.0,0.25
129,0,4,1,0.0,0.625
130,0,4,2,0.0,0.625
131,0,4,3,0.0,0.25
132,0,4,4,0.0,0.625
133,0,4,5,0.0,0.625
134,0,4,6,0.0,0.25
135,0,4,7,0.0,0.625
136,0,4,8,0.0,0.25
137,0,4,9,0.0,0.25
138,0,4,10,0.0,0.25
139,0,4,11,0.0,0.25
140,0,4,12,0.0,0.625
141,0,4,13,0.0,0.625
142,0,4,14,0.0,0.25
143,0,4,15,0.0,0.25
144,0,4,16,0.0,0.625
145,0,4,17,0.0,0.625
146,0,4,18,0.0,0.25
147,0,4,19,0.0,0.25
148,0,4,20,0.0,0.625
149,0,4,21,0.0,0.625
150,0,4,22,0.0,0.25
151,0,4,23,0.0,0.25
152,0,4,24,0.0,0.25
153,0,4,25,0.0,0.25
154,0,4,26,0.0,0.25
155,0,4,27,0.0,0.25
156,0,4,28,0.0,0.25
157,0,4,29,0.0,0.25
158,0,4,30,0.0,0.25
159,0,4,31,0.0,0.25
160,0,5,0,0.0,0.25
161,0,5,1,0.0,0.625
162,0,5,2,0.0,0.625
163,0,5,3,0.0,0.625
164,0,5,4,0.0,0.25
165,0,5,5,0.0,0.625
166,0,5,6,0.0,0.625
167,0,5,7,0.0,0.625
168,0,5,8,0.0,0.25
169,0,5,9,0.0,0.25
170,0,5,10,0.0,0.25
171,0,5,11,0.0,0.25
172,0,5,12,0.0,0.625
173,0,5,13,0.0,0.25
174,0,5,14,0.0,0.25
175,0,5,15,0.0,0.25
176,0,5,16,0.0,0.25
177,0,5,17,0.0,0.625
178,0,5,18,0.0,0.25
179,0,5,19,0.0,0.625
180,0,5,20,0.0,0.625
181,0,5,21,0.0,0.625
182,0,5,22,0.0,0.625
183,0,5,23,0.0,0.625
184,0,5,24,0.0,0.25
185,0,5,25,0.0,0.25
186,0,5,26,0.0,0.25
187,0,5,27,0.0,0.625
188,0,5,28,0.0,0.625
189,0,5,29,0.0,0.25
190,0,5,30,0.0,0.625
191,0,5,31,0.0,0.625
192,0,6,0,0.0,0.625
193,0,6,1,0.0,0.625
194,0,6,2,0.0,0.625
195,0,6,3,0.0,0.25
196,0,6,4,0.0,0.625
197,0,6,5,0.0,0.25
198,0,6,6,0.0,0.625
199,0,6,7,0.0,0.625
200,0,6,8,0.0,0.625
201,0,6,9,0.0,0.625
202,0,6,10,0.0,0.25
203,0,6,11,0.0,0.25
204,0,6,12,0.0,0.625
205,0,6,13,0.0,0.625
206,0,6,14,0.0,0.25
207,0,6,15,0.0,0.625
208,0,6,16,0.0,0.625
209,0,6,17,0.0,0.625
210,0,6,18,0.0,0.625
211,0,6,19,0.0,0.25
212,0,6,20,0.0,0.625
213,0,6,21,0.0,0.625
214,0,6,22,0.0,0.625
215,0,6,23,0.0,0.25
216,0,6,24,0.0,0.25
217,0,6,25,0.0,0.625
218,0,6,26,0.0,0.25
219,0,6,27,0.0,0.625
220,0,6,28,0.0,0.625
221,0,6,29,0.0,0.25
222,0,6,30,0.0,0.625
223,0,6,31,0.0,0.625
224,0,7,0,0.0,0.75
225,0,7,1,-1024.0,1.0
226,0,7,2,0.0,0.75
227,0,7,3,-1024.0,1.0
228,0,7,4,0.0,0.75
229,0,7,5,0.0,0.75
230,0,7,6,0.0,0.75
231,0,7,7,-1024.0,1.0
232,0,7,8,-1024.0,1.0
233,0,7,9,-1024.0,1.0
234,0,7,10,-1024.0,1.0
235,0,7,11,-1024.0,1.0
236,0,7,12,0.0,0.75
237,0,7,13,-1024.0,1.0
238,0,7,14,0.0,0.75
239,0,7,15,-1024.0,1.0
240,0,7,16,-1024.0,1.0
241,0,7,17,-1024.0,1.0
242,0,7,18,-1024.0,1.0
243,0,7,19,-1024.0,1.0
244,0,7,20,-1024.0,1.0
245,0,7,21,0.0,0.75
246,0,7,22,0.0,0.75
247,0,7,23,0.0,0.75
248,0,7,24,-1024.0,1.0
249,0,7,25,-1024.0,1.0
250,0,7,26,-1024.0,1.0
251,0,7,27,-1024.0,1.0
252,0,7,28,0.0,0.75
253,0,7,29,-1024.0,1.0
254,0,7,30,-1024.0,1.0
255,0,7,31,0.0,0.75
256,0,8,0,0.0,0.5
257,0,8,1,0.0,0.5
258,0,8,2,0.0,0.5
259,0,8,3,0.0,0.875
260,0,8,4,0.0,0.5
261,0,8,5,0.0,0.875
262,0,8,6,0.0,0.875
263,0,8,7,0.0,0.5
264,0,8,8,0.0,0.5
265,0,8,9,0.0,0.5
266,0,8,10,0.0,0.5
267,0,8,11,0.0,0.5
268,0,8,12,0.0,0.5
269,0,8,13,0.0,0.5
270,0,8,14,0.0,0.5
271,0,8,15,0.0,0.5
272,0,8,16,0.0,0.5
273,0,8,17,0.0,0.5
274,0,8,18,0.0,0.5
275,0,8,19,0.0,0.5
276,0,8,20,0.0,0.5
277,0,8,21,0.0,0.5
278,0,8,22,0.0,0.875
279,0,8,23,0.0,0.875
280,0,8,24,0.0,0.875
281,0,8,25,0.0,0.875
282,0,8,26,0.0,0.875
283,0,8,27,0.0,0.5
284,0,8,28,0.0,0.5
285,0,8,29,0.0,0.5
286,0,8,30,0.0,0.5
287,0,8,31,0.0,0.875
288,0,9,0,0.0,0.75
289,0,9,1,0.0,0.5
290,0,9,2,0.0,0.5
291,0,9,3,0.0,0.5
292,0,9,4,0.0,0.5
293,0,9,5,0.0,0.5
294,0,9,6,0.0,0.5
295,0,9,7,0.0,0.5
296,0,9,8,0.0,0.75
297,0,9,9,0.0,0.75
298,0,9,10,0.0,0.75
299,0,9,11,0.0,0.75
300,0,9,12,0.0,0.75
301,0,9,13,0.0,0.5
302,0,9,14,0.0,0.5
303,0,9,15,0.0,0.5
304,0,9,16,0.0,0.5
305,0,9,17,0.0,0.75
306,0,9,18,0.0,0.75
307,0,9,19,0.0,0.5
308,0,9,20,0.0,0.75
309,0,9,21,0.0,0.5
310,0,9,22,0.0,0.5
311,0,9,23,0.0,0.75
312,0,9,24,0.0,0.75
313,0,9,25,0.0,0.75
314,0,9,26,0.0,0.5
315,0,9,27,0.0,0.5
316,0,9,28,0.0,0.5
317,0,9,29,0.0,0.75
318,0,9,30,0.0,0.75
319,0,9,31,0.0,0.5
320,0,10,0,0.0,0.75
321,0,10,1,0.0,0.5
322,0,10,2,0.0,0.75
323,0,10,3,0.0,0.5
324,0,10,4,0.0,0.75
325,0,10,5,0.0,0.5
326,0,10,6,0.0,0.75
327,0,10,7,0.0,0.75
328,0,10,8,0.0,0.75
329,0,10,9,0.0,0.5
330,0,10,10,0.0,0.75
331,0,10,11,0.0,0.75
332,0,10,12,0.0,0.75
333,0,10,13,0.0,0.5
334,0,10,14,0.0,0.75
335,0,10,15,0.0,0.75
336,0,10,16,0.0,0.75
337,0,10,17,0.0,0.5
338,0,10,18,0.0,0.75
339,0,10,19,0.0,0.75
340,0,10,20,0.0,0.5
341,0,10,21,0.0,0.75
342,0,10,22,0.0,0.5
343,0,10,23,0.0,0.5
344,0,10,24,0.0,0.75
345,0,10,25,0.0,0.5
346,0,10,26,0.0,0.75
347,0,10,27,0.0,0.75
348,0,10,28,0.0,0.5
349,0,10,29,0.0,0.75
350,0,10,30,0.0,0.75
351,0,10,31,0.0,0.75
352,0,11,0,0.0,0.625
353,0,11,1,0.0,0.625
354,0,11,2,0.0,0.875
355,0,11,3,0.0,0.625
356,0,11,4,0.0,0.875
357,0,11,5,0.0,0.625
358,0,11,6,0.0,0.875
359,0,11,7,0.0,0.625
360,0,11,8,0.0,0.625
361,0,11,9,0.0,0.875
362,0,11,10,0.0,0.625
363,0,11,11,0.0,0.875
364,0,11,12,0.0,0.625
365,0,11,13,0.0,0.625
366,0,11,14,0.0,0.875
367,0,11,15,0.0,0.875
368,0,11,16,0.0,0.625
369,0,11,17,0.0,0.875
370,0,11,18,0.0,0.625
371,0,11,19,0.0,0.875
372,0,11,20,0.0,0.625
373,0,11,21,0.0,0.625
374,0,11,22,0.0,0.875
375,0,11,23,0.0,0.625
376,0,11,24,0.0,0.875
377,0,11,25,0.0,0.625
378,0,11,26,0.0,0.875
379,0,11,27,0.0,0.625
380,0,11,28,0.0,0.625
381,0,11,29,0.0,0.625
382,0,11,30,0.0,0.875
383,0,11,31,0.0,0.875
384,0,12,0,-1024.0,1.0
385,0,12,1,0.0,0.75
386,0,12,2,-1024.0,1.0
387,0,12,3,-1024.0,1.0
388,0,12,4,0.0,0.75
389,0,12,5,0.0,0.75
390,0,12,6,-1024.0,1.0
391,0,12,7,-1024.0,1.0
392,0,12,8,0.0,0.75
393,0,12,9,0.0,0.75
394,0,12,10,0.0,0.75
395,0,12,11,0.0,0.75
396,0,12,12,0.0,0.75
397,0,12,13,0.0,0.75
398,0,12,14,0.0,0.75
399,0,12,15,-1024.0,1.0
400,0,12,16,0.0,0.75
401,0,12,17,-1024.0,1.0
402,0,12,18,-1024.0,1.0
403,0,12,19,0.0,0.75
404,0,12,20,-1024.0,1.0
405,0,12,21,0.0,0.75
406,0,12,22,0.0,0.75
407,0,12,23,-1024.0,1.0
408,0,12,24,-1024.0,1.0
409,0,12,25,0.0,0.75
410,0,12,26,-1024.0,1.0
411,0,12,27,-1024.0,1.0
412,0,12,28,-1024.0,1.0
413,0,12,29,-1024.0,1.0
414,0,12,30,0.0,0.75
415,0,12,31,-1024.0,1.0
416,0,13,0,0.0,0.625
417,0,13,1,0.0,0.625
418,0,13,2,0.0,0.875
419,0,13,3,0.0,0.625
420,0,13,4,0.0,0.875
421,0,13,5,0.0,0.625
422,0,13,6,0.0,0.625
423,0,13,7,0.0,0.625
424,0,13,8,0.0,0.625
425,0,13,9,0.0,0.875
426,0,13,10,0.0,0.625
427,0,13,11,0.0,0.625
428,0,13,12,0.0,0.625
429,0,13,13,0.0,0.625
430,0,13,14,0.0,0.625
431,0,13,15,0.0,0.625
432,0,13,16,0.0,0.625
433,0,13,17,0.0,0.625
434,0,13,18,0.0,0.875
435,0,13,19,0.0,0.625
436,0,13,20,0.0,0.625
437,0,13,21,0.0,0.625
438,0,13,22,0.0,0.875
439,0,13,23,0.0,0.875
440,0,13,24,0.0,0.625
441,0,13,25,0.0,0.625
442,0,13,26,0.0,0.625
443,0,13,27,0.0,0.625
444,0,13,28,0.0,0.625
445,0,13,29,0.0,0.625
446,0,13,30,0.0,0.875
447,0,13,31,0.0,0.625
448,0,14,0,0.0,0.5
449,0,14,1,0.0,0.875
450,0,14,2,0.0,0.875
451,0,14,3,0.0,0.875
452,0,14,4,0.0,0.875
453,0,14,5,0.0,0.875
454,0,14,6,0.0,0.5
455,0,14,7,0.0,0.875
456,0,14,8,0.0,0.5
457,0,14,9,0.0,0.875
458,0,14,10,0.0,0.5
459,0,14,11,0.0,0.875
460,0,14,12,0.0,0.875
461,0,14,13,0.0,0.875
462,0,14,14,0.0,0.5
463,0,14,15,0.0,0.875
464,0,14,16,0.0,0.5
465,0,14,17,0.0,0.875
466,0,14,18,0.0,0.875
467,0,14,19,0.0,0.875
468,0,14,20,0.0,0.875
469,0,14,21,0.0,0.5
470,0,14,22,0.0,0.5
471,0,14,23,0.0,0.5
472,0,14,24,0.0,0.875
473,0,14,25,0.0,0.875
474,0,14,26,0.0,0.875
475,0,14,27,0.0,0.875
476,0,14,28,0.0,0.5
477,0,14,29,0.0,0.875
478,0,14,30,0.0,0.5
479,0,14,31,0.0,0.5
480,0,15,0,-1024.0,1.0
481,0,15,1,-1024.0,1.0
482,0,15,2,-1024.0,1.0
483,0,15,3,-1024.0,1.0
484,0,15,4,-1024.0,1.0
485,0,15,5,0.0,0.875
486,0,15,6,-1024.0,1.0
487,0,15,7,-1024.0,1.0
488,0,15,8,0.0,0.875
489,0,15,9,-1024.0,1.0
490,0,15,10,0.0,0.875
491,0,15,11,-1024.0,1.0
492,0,15,12,0.0,0.875
493,0,15,13,0.0,0.875
494,0,15,14,0.0,0.875
495,0,15,15,-1024.0,1.0
496,0,15,16,-1024.0,1.0
497,0,15,17,-1024.0,1.0
498,0,15,18,-1024.0,1.0
499,0,15,19,0.0,0.875
500,0,15,20,0.0,0.875
501,0,15,21,-1024.0,1.0
502,0,15,22,0.0,0.875
503,0,15,23,0.0,0.875
504,0,15,24,0.0,0.875
505,0,15,25,-1024.0,1.0
506,0,15,26,-1024.0,1.0
507,0,15,27,0.0,0.875
508,0,15,28,-1024.0,1.0
509,0,15,29,0.0,0.875
510,0,15,30,0.0,0.875
511,0,15,31,0.0,0.875
512,0,16,0,0.0,0.375
513,0,16,1,0.0,0.875
514,0,16,2,0.0,0.875
515,0,16,3,0.0,0.875
516,0,16,4,0.0,0.875
517,0,16,5,0.0,0.875
518,0,16,6,0.0,0.375
519,0,16,7,0.0,0.375
520,0,16,8,0.0,0.375
521,0,16,9,0.0,0.875
522,0,16,10,0.0,0.375
523,0,16,11,0.0,0.375
524,0,16,12,0.0,0.375
525,0,16,13,0.0,0.875
526,0,16,14,0.0,0.375
527,0,16,15,0.0,0.375
528,0,16,16,0.0,0.375
529,0,16,17,0.0,0.875
530,0,16,18,0.0,0.875
531,0,16,19,0.0,0.875
532,0,16,20,0.0,0.375
533,0,16,21,0.0,0.875
534,0,16,22,0.0,0.375
535,0,16,23,0.0,0.375
536,0,16,24,0.0,0.875
537,0,16,25,0.0,0.375
538,0,16,26,0.0,0.375
539,0,16,27,0.0,0.875
540,0,16,28,0.0,0.375
541,0,16,29,0.0,0.375
542,0,16,30,0.0,0.875
543,0,16,31,0.0,0.875
544,0,17,0,0.0,0.875
545,0,17,1,-1024.0,1.0
546,0,17,2,0.0,0.875
547,0,17,3,-1024.0,1.0
548,0,17,4,-1024.0,1.0
549,0,17,5,-1024.0,1.0
550,0,17,6,-1024.0,1.0
551,0,17,7,-1024.0,1.0
552,0,17,8,-1024.0,1.0
553,0,17,9,-1024.0,1.0
554,0,17,10,0.0,0.875
555,0,17,11,0.0,0.875
556,0,17,12,-1024.0,1.0
557,0,17,13,0.0,0.875
558,0,17,14,-1024.0,1.0
559,0,17,15,-1024.0,1.0
560,0,17,16,0.0,0.875
561,0,17,17,-1024.0,1.0
562,0,17,18,0.0,0.875
563,0,17,19,-1024.0,1.0
564,0,17,20,-1024.0,1.0
565,0,17,21,-1024.0,1.0
566,0,17,22,0.0,0.875
567,0,17,23,-1024.0,1.0
568,0,17,24,-1024.0,1.0
569,0,17,25,-1024.0,1.0
570,0,17,26,-1024.0,1.0
571,0,17,27,-1024.0,1.0
572,0,17,28,-1024.0,1.0
573,0,17,29,-1024.0,1.0
574,0,17,30,0.0,0.875
575,0,17,31,0.0,0.875
576,0,18,0,0.0,0.25
577,0,18,1,0.0,0.75
578,0,18,2,0.0,0.25
579,0,18,3,0.0,0.75
580,0,18,4,0.0,0.25
581,0,18,5,0.0,0.25
582,0,18,6,0.0,0.25
583,0,18,7,0.0,0.25
584,0,18,8,0.0,0.25
585,0,18,9,0.0,0.75
586,0,18,10,0.0,0.75
587,0,18,11,0.0,0.25
588,0,18,12,0.0,0.75
589,0,18,13,0.0,0.25
590,0,18,14,0.0,0.25
591,0,18,15,0.0,0.75
592,0,18,16,0.0,0.75
593,0,18,17,0.0,0.25
594,0,18,18,0.0,0.75
595,0,18,19,0.0,0.25
596,0,18,20,0.0,0.25
597,0,18,21,0.0,0.25
598,0,18,22,0.0,0.75
599,0,18,23,0.0,0.75
600,0,18,24,0.0,0.25
601,0,18,25,0.0,0.25
602,0,18,26,0.0,0.25
603,0,18,27,0.0,0.25
604,0,18,28,0.0,0.25
605,0,18,29,0.0,0.25
606,0,18,30,0.0,0.75
607,0,18,31,0.0,0.75
608,0,19,0,0.0,0.25
609,0,19,1,0.0,0.25
610,0,19,2,0.0,0.25
611,0,19,3,0.0,0.25
612,0,19,4,0.0,0.75
613,0,19,5,0.0,0.25
614,0,19,6,0.0,0.75
615,0,19,7,0.0,0.75
616,0,19,8,0.0,0.75
617,0,19,9,0.0,0.75
618,0,19,10,0.0,0.75
619,0,19,11,0.0,0.75
620,0,19,12,0.0,0.75
621,0,19,13,0.0,0.75
622,0,19,14,0.0,0.75
623,0,19,15,0.0,0.75
624,0,19,16,0.0,0.25
625,0,19,17,0.0,0.75
626,0,19,18,0.0,0.75
627,0,19,19,0.0,0.75
628,0,19,20,0.0,0.25
629,0,19,21,0.0,0.75
630,0,19,22,0.0,0.25
631,0,19,23,0.0,0.25
632,0,19,24,0.0,0.25
633,0,19,25,0.0,0.25
634,0,19,26,0.0,0.25
635,0,19,27,0.0,0.25
636,0,19,28,0.0,0.25
637,0,19,29,0.0,0.25
638,0,19,30,0.0,0.25
639,0,19,31,0.0,0.75
640,0,20,0,0.0,0.75
641,0,20,1,0.0,0.75
642,0,20,2,0.0,0.25
643,0,20,3,0.0,0.75
644,0,20,4,0.0,0.25
645,0,20,5,0.0,0.75
646,0,20,6,0.0,0.25
647,0,20,7,0.0,0.25
648,0,20,8,0.0,0.75
649,0,20,9,0.0,0.25
650,0,20,10,0.0,0.75
651,0,20,11,0.0,0.75
652,0,20,12,0.0,0.75
653,0,20,13,0.0,0.25
654,0,20,14,0.0,0.25
655,0,20,15,0.0,0.25
656,0,20,16,0.0,0.25
657,0,20,17,0.0,0.75
658,0,20,18,0.0,0.25
659,0,20,19,0.0,0.25
660,0,20,20,0.0,0.25
661,0,20,21,0.0,0.25
662,0,20,22,0.0,0.75
663,0,20,23,0.0,0.25
664,0,20,24,0.0,0.25
665,0,20,25,0.0,0.25
666,0,20,26,0.0,0.25
667,0,20,27,0.0,0.75
668,0,20,28,0.0,0.75
669,0,20,29,0.0,0.75
670,0,20,30,0.0,0.75
671,0,20,31,0.0,0.25
672,0,21,0,0.0,0.125
673,0,21,1,0.0,0.75
674,0,21,2,0.0,0.125
675,0,21,3,0.0,0.125
676,0,21,4,0.0,0.75
677,0,21,5,0.0,0.75
678,0,21,6,0.0,0.125
679,0,21,7,0.0,0.125
680,0,21,8,0.0,0.125
681,0,21,9,0.0,0.75
682,0,21,10,0.0,0.75
683,0,21,11,0.0,0.125
684,0,21,12,0.0,0.75
685,0,21,13,0.0,0.75
686,0,21,14,0.0,0.125
687,0,21,15,0.0,0.75
688,0,21,16,0.0,0.75
689,0,21,17,0.0,0.125
690,0,21,18,0.0,0.125
691,0,21,19,0.0,0.75
692,0,21,20,0.0,0.125
693,0,21,21,0.0,0.125
694,0,21,22,0.0,0.125
695,0,21,23,0.0,0.125
696,0,21,24,0.0,0.125
697,0,21,25,0.0,0.125
698,0,21,26,0.0,0.75
699,0,21,27,0.0,0.75
700,0,21,28,0.0,0.75
701,0,21,29,0.0,0.75
702,0,21,30,0.0,0.75
703,0,21,31,0.0,0.75
704,0,22,0,0.0,0.125
705,0,22,1,0.0,0.125
706,0,22,2,0.0,0.125
707,0,22,3,0.0,0.75
708,0,22,4,0.0,0.125
709,0,22,5,0.0,0.125
710,0,22,6,0.0,0.125
711,0,22,7,0.0,0.125
712,0,22,8,0.0,0.75
713,0,22,9,0.0,0.75
714,0,22,10,0.0,0.125
715,0,22,11,0.0,0.125
716,0,22,12,0.0,0.125
717,0,22,13,0.0,0.125
718,0,22,14,0.0,0.125
719,0,22,15,0.0,0.125
720,0,22,16,0.0,0.75
721,0,22,17,0.0,0.75
722,0,22,18,0.0,0.125
723,0,22,19,0.0,0.75
724,0,22,20,0.0,0.125
725,0,22,21,0.0,0.125
726,0,22,22,0.0,0.75
727,0,22,23,0.0,0.75
728,0,22,24,0.0,0.75
729,0,22,25,0.0,0.125
730,0,22,26,0.0,0.125
731,0,22,27,0.0,0.75
732,0,22,28,0.0,0.125
733,0,22,29,0.0,0.125
734,0,22,30,0.0,0.75
735,0,22,31,0.0,0.125
736,0,23,0,0.0,0.75
737,0,23,1,0.0,0.125
738,0,23,2,0.0,0.125
739,0,23,3,0.0,0.125
740,0,23,4,0.0,0.125
741,0,23,5,0.0,0.125
742,0,23,6,0.0,0.125
743,0,23,7,0.0,0.75
744,0,23,8,0.0,0.75
745,0,23,9,0.0,0.125
746,0,23,10,0.0,0.125
747,0,23,11,0.0,0.125
748,0,23,12,0.0,0.125
749,0,23,13,0.0,0.125
750,0,23,14,0.0,0.125
751,0,23,15,0.0,0.125
752,0,23,16,0.0,0.125
753,0,23,17,0.0,0.125
754,0,23,18,0.0,0.125
755,0,23,19,0.0,0.125
756,0,23,20,0.0,0.75
757,0,23,21,0.0,0.125
758,0,23,22,0.0,0.125
759,0,23,23,0.0,0.125
760,0,23,24,0.0,0.125
761,0,23,25,0.0,0.125
762,0,23,26,0.0,0.125
763,0,23,27,0.0,0.125
764,0,23,28,0.0,0.75
765,0,23,29,0.0,0.75
766,0,23,30,0.0,0.125
767,0,23,31,0.0,0.75
768,0,24,0,0.0,0.125
769,0,24,1,0.0,0.75
770,0,24,2,0.0,0.125
771,0,24,3,0.0,0.75
772,0,24,4,0.0,0.75
773,0,24,5,0.0,0.125
774,0,24,6,0.0,0.125
775,0,24,7,0.0,0.125
776,0,24,8,0.0,0.75
777,0,24,9,0.0,0.125
778,0,24,10,0.0,0.125
779,0,24,11,0.0,0.75
780,0,24,12,0.0,0.125
781,0,24,13,0.0,0.125
782,0,24,14,0.0,0.75
783,0,24,15,0.0,0.75
784,0,24,16,0.0,0.75
785,0,24,17,0.0,0.75
786,0,24,18,0.0,0.125
787,0,24,19,0.0,0.125
788,0,24,20,0.0,0.125
789,0,24,21,0.0,0.125
790,0,24,22,0.0,0.125
791,0,24,23,0.0,0.125
792,0,24,24,0.0,0.75
793,0,24,25,0.0,0.125
794,0,24,26,0.0,0.125
795,0,24,27,0.0,0.125
796,0,24,28,0.0,0.125
797,0,24,29,0.0,0.75
798,0,24,30,0.0,0.75
799,0,24,31,0.0,0.125
800,0,25,0,0.0,0.75
801,0,25,1,0.0,0.125
802,0,25,2,0.0,0.125
803,0,25,3,0.0,0.75
804,0,25,4,0.0,0.125
805,0,25,5,0.0,0.125
806,0,25,6,0.0,0.125
807,0,25,7,0.0,0.125
808,0,25,8,0.0,0.125
809,0,25,9,0.0,0.125
810,0,25,10,0.0,0.125
811,0,25,11,0.0,0.125
812,0,25,12,0.0,0.125
813,0,25,13,0.0,0.125
814,0,25,14,0.0,0.125
815,0,25,15,0.0,0.125
816,0,25,16,0.0,0.125
817,0,25,17,0.0,0.75
818,0,25,18,0.0,0.125
819,0,25,19,0.0,0.125
820,0,25,20,0.0,0.125
821,0,25,21,0.0,0.75
822,0,25,22,0.0,0.125
823,0,25,23,0.0,0.125
824,0,25,24,0.0,0.125
825,0,25,25,0.0,0.125
826,0,25,26,0.0,0.75
827,0,25,27,0.0,0.125
828,0,25,28,0.0,0.75
829,0,25,29,0.0,0.125
830,0,25,30,0.0,0.125
831,0,25,31,0.0,0.125
832,0,26,0,0.0,0.125
833,0,26,1,0.0,0.125
834,0,26,2,0.0,0.125
835,0,26,3,0.0,0.625
836,0,26,4,0.0,0.125
837,0,26,5,0.0,0.125
838,0,26,6,0.0,0.125
839,0,26,7,0.0,0.125
840,0,26,8,0.0,0.125
841,0,26,9,0.0,0.125
842,0,26,10,0.0,0.125
843,0,26,11,0.0,0.125
844,0,26,12,0.0,0.125
845,0,26,13,0.0,0.125
846,0,26,14,0.0,0.625
847,0,26,15,0.0,0.625
848,0,26,16,0.0,0.125
849,0,26,17,0.0,0.125
850,0,26,18,0.0,0.125
851,0,26,19,0.0,0.625
852,0,26,20,0.0,0.125
853,0,26,21,0.0,0.625
854,0,26,22,0.0,0.125
855,0,26,23,0.0,0.625
856,0,26,24,0.0,0.625
857,0,26,25,0.0,0.625
858,0,26,26,0.0,0.625
859,0,26,27,0.0,0.625
860,0,26,28,0.0,0.625
861,0,26,29,0.0,0.125
862,0,26,30,0.0,0.125
863,0,26,31,0.0,0.125
864,0,27,0,0.0,0.125
865,0,27,1,0.0,0.125
866,0,27,2,0.0,0.125
867,0,27,3,0.0,0.125
868,0,27,4,0.0,0.125
869,0,27,5,0.0,0.125
870,0,27,6,0.0,0.125
871,0,27,7,0.0,0.125
872,0,27,8,0.0,0.125
873,0,27,9,0.0,0.25
874,0,27,10,0.0,0.125
875,0,27,11,0.0,0.25
876,0,27,12,0.0,0.125
877,0,27,13,0.0,0.125
878,0,27,14,0.0,0.125
879,0,27,15,0.0,0.125
880,0,27,16,0.0,0.125
881,0,27,17,0.0,0.125
882,0,27,18,0.0,0.125
883,0,27,19,0.0,0.125
884,0,27,20,0.0,0.125
885,0,27,21,0.0,0.125
886,0,27,22,0.0,0.125
887,0,27,23,0.0,0.125
888,0,27,24,0.0,0.125
889,0,27,25,0.0,0.125
890,0,27,26,0.0,0.125
891,0,27,27,0.0,0.25
892,0,27,28,0.0,0.125
893,0,27,29,0.0,0.125
894,0,27,30,0.0,0.125
895,0,27,31,0.0,0.125
896,0,28,0,0.0,0.125
897,0,28,1,0.0,0.125
898,0,28,2,0.0,0.125
899,0,28,3,0.0,0.625
900,0,28,4,0.0,0.125
901,0,28,5,0.0,0.125
902,0,28,6,0.0,0.125
903,0,28,7,0.0,0.625
904,0,28,8,0.0,0.125
905,0,28,9,0.0,0.125
906,0,28,10,0.0,0.125
907,0,28,11,0.0,0.125
908,0,28,12,0.0,0.125
909,0,28,13,0.0,0.125
910,0,28,14,0.0,0.625
911,0,28,15,0.0,0.125
912,0,28,16,0.0,0.125
913,0,28,17,0.0,0.125
914,0,28,18,0.0,0.625
915,0,28,19,0.0,0.125
916,0,28,20,0.0,0.125
917,0,28,21,0.0,0.125
918,0,28,22,0.0,0.125
919,0,28,23,0.0,0.125
920,0,28,24,0.0,0.125
921,0,28,25,0.0,0.625
922,0,28,26,0.0,0.125
923,0,28,27,0.0,0.125
924,0,28,28,0.0,0.125
925,0,28,29,0.0,0.125
926,0,28,30,0.0,0.125
927,0,28,31,0.0,0.125
928,0,29,0,0.0,0.125
929,0,29,1,0.0,0.125
930,0,29,2,0.0,0.625
931,0,29,3,0.0,0.125
932,0,29,4,0.0,0.125
933,0,29,5,0.0,0.625
934,0,29,6,0.0,0.125
935,0,29,7,0.0,0.125
936,0,29,8,0.0,0.125
937,0,29,9,0.0,0.625
938,0,29,10,0.0,0.125
939,0,29,11,0.0,0.125
940,0,29,12,0.0,0.125
941,0,29,13,0.0,0.625
942,0,29,14,0.0,0.125
943,0,29,15,0.0,0.625
944,0,29,16,0.0,0.125
945,0,29,17,0.0,0.125
946,0,29,18,0.0,0.125
947,0,29,19,0.0,0.625
948,0,29,20,0.0,0.125
949,0,29,21,0.0,0.625
950,0,29,22,0.0,0.125
951,0,29,23,0.0,0.125
952,0,29,24,0.0,0.125
953,0,29,25,0.0,0.125
954,0,29,26,0.0,0.625
955,0,29,27,0.0,0.125
956,0,29,28,0.0,0.625
957,0,29,29,0.0,0.125
958,0,29,30,0.0,0.625
959,0,29,31,0.0,0.125
960,0,30,0,0.0,0.125
961,0,30,1,0.0,0.125
962,0,30,2,0.0,0.125
963,0,30,3,0.0,0.125
964,0,30,4,0.0,0.125
965,0,30,5,0.0,0.125
966,0,30,6,0.0,0.125
967,0,30,7,0.0,0.125
968,0,30,8,0.0,0.125
969,0,30,9,0.0,0.625
970,0,30,10,0.0,0.125
971,0,30,11,0.0,0.125
972,0,30,12,0.0,0.125
973,0,30,13,0.0,0.125
974,0,30,14,0.0,0.625
975,0,30,15,0.0,0.625
976,0,30,16,0.0,0.125
977,0,30,17,0.0,0.125
978,0,30,18,0.0,0.125
979,0,30,19,0.0,0.125
980,0,30,20,0.0,0.125
981,0,30,21,0.0,0.125
982,0,30,22,0.0,0.125
983,0,30,23,0.0,0.125
984,0,30,24,0.0,0.625
985,0,30,25,0.0,0.125
986,0,30,26,0.0,0.125
987,0,30,27,0.0,0.125
988,0,30,28,0.0,0.125
989,0,30,29,0.0,0.125
990,0,30,30,0.0,0.125
991,0,30,31,0.0,0.125
992,0,31,0,0.0,0.125
993,0,31,1,0.0,0.125
994,0,31,2,0.0,0.125
995,0,31,3,0.0,0.125
996,0,31,4,0.0,0.125
997,0,31,5,0.0,0.125
998,0,31,6,1024.0,0.125
999,0,31,7,0.0,0.125
1000,0,31,8,0.0,0.125
1001,0,31,9,1024.0,0.125
1002,0,31,10,1024.0,0.125
1003,0,31,11,1024.0,0.125
1004,0,31,12,0.0,0.125
1005,0,31,13,0.0,0.125
1006,0,31,14,1024.0,0.125
1007,0,31,15,1024.0,0.125
1008,0,31,16,1024.0,0.125
1009,0,31,17,0.0,0.125
1010,0,31,18,1024.0,0.125
1011,0,31,19,0.0,0.125
1012,0,31,20,0.0,0.125
1013,0,31,21,0.0,0.125
1014,0,31,22,0.0,0.125
1015,0,31,23,0.0,0.125
1016,0,31,24,1024.0,0.125
1017,0,31,25,1024.0,0.125
1018,0,31,26,0.0,0.125
1019,0,31,27,0.0,0.125
1020,0,31,28,0.0,0.125
1021,0,31,29,1024.0,0.125
1022,0,31,30,0.0,0.125
1023,0,31,31,0.0,0.125
